"Resolution","Average FPS"
"720*480","106.56841099864893"
"540*360","68.74346885582122"
"360*240","73.63961111532478"
