"Clients","Average FPS"
"One Client","143.3245617889572"
"Two Clients","128.3980334443005"
"Three Clients","106.56841099864893"
