"Type","One Clients","Two Clients","Three Clients"
"LIST","8.945268668266516","12.358411513432895","16.978774093527445"
"THREAD","8.784428080181547","12.64262283115461","21.047058060021723"
